Fullname;Email;Telefon;Adresse;unicode
Anabel Ney;anabel.ney@hotmail.com;+43-2824-0834;Maierhof 6, Viehhofen, Steiermark;ÿÑ
Ceyda Falter;ceyda.falter@hotmail.com;0266125038;Klamm 25c, Trieben, Wien;üêù
Berkay Kastner;berkay.kastner85@gmail.com;+43 91554859;Bahnstra√üe (Gerhaus) 98a, √ñblarn, Burgenland
Robert Hartlieb;robert_hartlieb46@hotmail.com;09141 3614;Lackenweg 12c, Bergern im Dunkelsteinerwald, Steiermark
Pius Wilhelm;pius_wilhelm32@hotmail.com;+43-1-5477702;√ñtzbruck 16c, L√∂dersdorf, Steiermark
Lilian Dehmel;lilian.dehmel51@yahoo.com;02873 8475;Hussovits Gasse 59b, Unterstinkenbrunn, Steiermark
Herr Cora Steding;cora.steding70@gmail.com;013086818;Berggasse 56, Ort im Innkreis, Tirol
Finia √ñstringer;finia.ostringer66@yahoo.com;+43-1-1338330;Lindenweg 2, Kindberg, Vorarlberg
Luk Sievers;luk.sievers27@yahoo.com;+43 53431654;Reitbauernstra√üe 942, Pollham, Tirol
Selma D√∂ring;selma.doring@gmail.com;+43-1-4435717;H√∂ggen 37b, Oberstorcha, Tirol
Lias Polifka;lias_polifka@gmail.com;+43 99070403;Unterer Sonnrainweg 4, Viehhofen, Steiermark
Yannic Kappler;yannic_kappler54@gmail.com;+43-8726-0648;Janzgasse 3, Vitis, Burgenland
Eliah Zauber;eliah.zauber32@hotmail.com;0713190721;Fuchsgrubenweg 53c, √úbersaxen, K√§rnten
Dr. Titus Werner;titus.werner66@hotmail.com;+43 75609162;Klamm 95, Fritzens, Vorarlberg
Laila Kleiss;laila_kleiss52@gmail.com;+43 07667896;Hochhaus Neue Donau 89b, Taxenbach, Ober√∂sterreich
Pierre Herms;pierre.herms56@yahoo.com;+4319831643;Kindergartenstra√üe 45, Zell an der Pram, Wien
Jane Weiss;jane.weiss@gmail.com;+43-5385-4494;Leifling 5, Bregenz, Vorarlberg
Lea Kelm;lea_kelm@hotmail.com;010000194;Seeblick 3, Lavam√ºnd, Tirol
Valentin Haupt;valentin.haupt61@hotmail.com;01 6302184;Janzgasse 83, Bergern im Dunkelsteinerwald, Vorarlberg
Dr. Malena Hackelbusch;malena_hackelbusch@hotmail.com;+4314113930;Privatweg 44c, √úbelbach, Salzburg
Leah Garatva;leah.garatva@hotmail.com;+43-4369-7699;Lichtensternsiedlung V 56b, St. P√∂lten, Salzburg
Leonard Weyel;leonard_weyel65@yahoo.com;+43-1-0194505;Paul Peters-Gasse 17, Aigen im M√ºhlkreis, Wien
Adam Pohle;adam_pohle@yahoo.com;+43 83043352;Eckgrabenweg 42b, Oed-Oehling, Steiermark
Joe Zimmermann;joe.zimmermann@gmail.com;+4315242327;Am Rebenhang 4, St. Peter am Kammersberg, K√§rnten
Emely Schwarzkopf;emely.schwarzkopf@hotmail.com;+43 97688343;Ottogasse 38c, Wei√ükirchen an der Traun, Burgenland
Bjarne Kral;bjarne.kral33@hotmail.com;0304949580;Johann-Strau√ü-Gasse 67c, Herzogenburg, Tirol
Mira Bertenbreiter;mira.bertenbreiter@hotmail.com;01 1421992;Franz Schubert-Gasse 37c, Untertilliach, Wien
Steffen Wassiluk;steffen.wassiluk@yahoo.com;01 4121916;K√∂hldorfergasse 17c, Hausleiten, Ober√∂sterreich
Robin Kwadwo;robin.kwadwo15@gmail.com;01 7329387;Am F√§rberberg 24a, Breitenbach am Inn, Vorarlberg
Kassandra Hohl;kassandra.hohl@gmail.com;+4316301145;Zulechnerweg 36c, Untertilliach, Tirol
Jona Brenner;jona.brenner88@gmail.com;+43-4488-5014;Blattur 73c, Feistritz am Wechsel, Vorarlberg
Frau Bryan Roggatz;bryan_roggatz84@hotmail.com;+43-1-6140051;Lange Mekotte 91c, Purbach am Neusiedler See, Nieder√∂sterreich
Alexa Kahles;alexa_kahles3@hotmail.com;+43-1-0351252;Verwaltersiedlung 84b, Zerlach, Nieder√∂sterreich
Amar Loy;amar_loy49@gmail.com;+43-1983-2306;Oedt 36c, Ybbsitz, Wien
Corinna Vogt;corinna.vogt90@gmail.com;01 3078622;Oberb√∂denalm 2, Altenfelden, Vorarlberg
Vincent Dittmar;vincent.dittmar@hotmail.com;02008 5175;Feldgasse 958, Yspertal, Burgenland
Sahra Cierpinski;sahra.cierpinski@yahoo.com;+43-4161-5360;Sportplatzstra√üe 95c, Neustift an der Lafnitz, Wien
Jaron Poeschl;jaron.poeschl16@hotmail.com;+43 73879435;Alte Ufergasse 981, Johnsbach, Tirol
Sky Ludolf;sky_ludolf@gmail.com;01 1833078;Bergstra√üe 521, Oberwaltersdorf, Nieder√∂sterreich
Jasmin Lukoschek;jasmin_lukoschek34@hotmail.com;+43-1844-9561;Hirsdorf 80b, Marbach an der Donau, Wien
Bela Da;bela_da76@hotmail.com;+43-1-0089804;Grub 529, Marbach an der Donau, K√§rnten
Frau Cheyenne Kuprion;cheyenne.kuprion45@hotmail.com;017952876;Seestra√üe 71, Zeillern, Nieder√∂sterreich
Enno Rosbach;enno.rosbach@yahoo.com;+43 24337193;Musikpavillon Riezlern 94b, Dietach, Nieder√∂sterreich
Marvin H√ºbenbecker;marvin.hubenbecker71@gmail.com;016932945;Gartenstra√üe 57, Feistritz am Wechsel, Ober√∂sterreich
Moritz Holl;moritz_holl@hotmail.com;+43 71457379;Am F√§rberberg 47b, Wei√ükirchen an der Traun, Nieder√∂sterreich
Pierre Gehrke;pierre.gehrke5@yahoo.com;0090047268;Musikpavillon Riezlern 60b, Ludesch, Nieder√∂sterreich
Emmy Denner;emmy_denner@gmail.com;0460043191;Simling 44b, Johnsbach, Vorarlberg
Juliana Stolz;juliana.stolz@gmail.com;+43-8221-3730;Kleinbaumgarten 21, Zell an der Pram, Salzburg
Prof. Dr. Vanessa Wachenbrunner;vanessa_wachenbrunner21@hotmail.com;06431 1007;Neustiftgasse 89a, Taxenbach, Tirol
